arquivo,status,erro,num_acordes,usou_ocr
A Loba.pdf,OK,,116,False
Ainda Bem.pdf,OK,,69,False
Alô Porteiro.pdf,OK,,80,False
Amante Não Tem Lar.pdf,OK,,65,False
Ausência.pdf,OK,,92,False
Bad Dreams.pdf,OK,,99,False
Como Faz Com Ela.pdf,OK,,53,False
De Quem É a Culpa.pdf,OK,,60,False
Depois.pdf,OK,,59,False
Devagarinho.pdf,OK,,47,False
93 Million Miles.pdf,OK,,52,False
A Banda.pdf,OK,,99,False
A Dama de Vermelho.pdf,OK,,47,False
A Dois Passos do Paraíso.pdf,OK,,49,False
A Vida do Viajante.pdf,OK,,92,False
Acenda o Farol.pdf,OK,,44,False
Acima do Sol.pdf,OK,,48,False
Admirável Gado Novo.pdf,OK,,170,False
Ainda Gosto Dela.pdf,OK,,71,True
Ainda Ontem Chorei de Saudade.pdf,OK,,10,False
All Of Me.pdf,OK,,55,True
All Star.pdf,OK,,79,False
Alma Gêmea.pdf,OK,,100,False
Amei Te Ver.pdf,OK,,100,False
Amianto.pdf,OK,,60,False
Amiga da Minha Mulher.pdf,OK,,71,False
Amigo Apaixonado.pdf,OK,,73,True
Amo Noite e Dia.pdf,OK,,36,True
Amor I Love You.pdf,OK,,57,False
Amor Maior.pdf,OK,,94,False
Ana Julia.pdf,OK,,70,False
Andei Só.pdf,OK,,152,False
Anunciação.pdf,OK,,96,False
Aonde Quer Que Eu Vá.pdf,OK,,73,True
Apenas Mais Uma de Amor.pdf,OK,,76,True
Apesar de Querer.pdf,OK,,11,False
Aquarela.pdf,OK,,124,False
As Curvas da Estrada de Santos.pdf,OK,,56,False
Assim Caminha a Humanidade.pdf,OK,,65,True
Astronauta de Mármore.pdf,OK,,68,True
Avôhai.pdf,OK,,88,False
Azul da Cor do Mar.pdf,OK,,52,False
Back To Black.pdf,OK,,58,False
Back at one.pdf,OK,,83,False
Bad Day.pdf,OK,,45,True
Bang.pdf,OK,,79,False
Behind Blue Eyes.pdf,OK,,38,True
Bem Melhor.pdf,OK,,54,False
Bem Querer.pdf,OK,,66,False
Bijuteria.pdf,OK,,67,False
Billie Jean.pdf,OK,,31,False
Black Or White.pdf,OK,,38,False
Black.pdf,OK,,64,False
Blackbird.pdf,SEM_ACORDES,,0,False
Boate Azul.pdf,OK,,88,False
Borboletas.pdf,OK,,47,True
Borbulhas de Amor.pdf,OK,,100,False
Burguesinha.pdf,OK,,22,False
Cabecinha No Ombro.pdf,OK,,61,False
Capim Guiné.pdf,OK,,93,False
Carla.pdf,OK,,88,False
Carolina.pdf,OK,,41,False
Caça e Caçador.pdf,OK,,120,True
Cedo Ou Tarde.pdf,OK,,41,False
Chega Pra Cá.pdf,OK,,60,False
Cheia de Manias.pdf,OK,,91,False
Chopis Centis.pdf,OK,,68,True
Choram As Rosas.pdf,OK,,82,False
Chão de Giz.pdf,OK,,114,False
Codinome Beija-Flor.pdf,OK,,16,True
Coisa Linda.pdf,SEM_ACORDES,,0,False
Colo de Menina.pdf,OK,,54,True
Como Que Ocê Pôde Abandoná Eu.pdf,OK,,122,False
Como Uma Onda.pdf,OK,,65,True
Como Vai Você.pdf,OK,,38,True
Como É Grande o Meu Amor Por Você.pdf,OK,,57,False
Corazón Partio.pdf,OK,,82,False
Cowboy Fora da Lei.pdf,OK,,115,False
Céu Azul.pdf,OK,,82,False
Dancing Queen.pdf,OK,,72,True
Daughters.pdf,OK,,8,True
De Tanto Te Querer.pdf,OK,,100,True
Debaixo dos caracóis.pdf,OK,,83,True
Deixa (BM).pdf,OK,,41,False
Deixa (L).pdf,OK,,23,False
Deixa a Vida Me Levar.pdf,OK,,7,True
Depois do Prazer.pdf,OK,,38,True
Desenho de Deus.pdf,OK,,46,False
Destá.pdf,OK,,133,False
Detalhes.pdf,OK,,160,False
Deus e Eu No Sertão.pdf,OK,,56,False
Dia Especial.pdf,OK,,60,False
Dias Atrás.pdf,OK,,79,False
Dias Melhores.pdf,OK,,37,False
Do Seu Lado.pdf,OK,,111,False
Dois Rios.pdf,OK,,95,False
Domingo.pdf,OK,,52,True
Dust In The Wind.pdf,OK,,94,False
Eduardo e Mônica.pdf,OK,,127,False
Ela Une Todas As Coisas.pdf,OK,,110,False
Ela Vai Voltar.pdf,OK,,141,False
Emoções.pdf,OK,,71,False
Enquanto Houver Sol.pdf,OK,,50,True
Epitáfio.pdf,OK,,78,False
Era Um Garoto Que Como Eu Amava Os Beatles e Os Roling Stones.pdf,OK,,112,False
Erva Venenosa.pdf,OK,,45,False
Esperando Na Janela.pdf,OK,,56,True
Essa Tal Liberdade.pdf,OK,,73,True
Eu Quero Sempre Mais.pdf,OK,,56,False
Eu Sei De Cor.pdf,OK,,41,True
Eu Sei.pdf,OK,,74,False
"Eu Te Amo, Te Amo, Te Amo.pdf",OK,,78,True
Eu Te Devoro.pdf,OK,,102,False
Eu e Você Sempre.pdf,SEM_ACORDES,,0,False
Eu só quero um xodó.pdf,OK,,41,True
Every Breath You Take.pdf,OK,,49,False
Evidências.pdf,OK,,131,False
Exagerado.pdf,OK,,89,False
Eye of the Tiger.pdf,OK,,128,False
Fada.pdf,OK,,47,True
Faroeste Caboclo.pdf,OK,,383,False
Fico Assim Sem Você.pdf,OK,,93,False
Final Feliz.pdf,OK,,70,False
Fio de Cabelo.pdf,OK,,43,False
Flor de Lis.pdf,OK,,80,False
Fly Away.pdf,OK,,46,True
Fly Me To The Moon.pdf,OK,,61,False
Fogo e Paixão.pdf,OK,,10,False
Força Estranha.pdf,OK,,108,False
Frevo Mulher.pdf,OK,,67,False
Fuzuê.pdf,OK,,59,False
Fácil.pdf,OK,,108,False
Garota Nacional.pdf,OK,,124,False
Garota de Ipanema.pdf,OK,,45,False
Garoto de Aluguel.pdf,OK,,36,True
Garotos.pdf,OK,,93,False
Girassol.pdf,OK,,47,False
Glamurosa.pdf,OK,,72,False
Gostava Tanto de Você.pdf,OK,,67,False
Gravity.pdf,OK,,37,True
Have You Ever Seen The Rain.pdf,OK,,47,False
Heal the World.pdf,OK,,147,False
Hit the road jack.pdf,OK,,4,True
Home.pdf,OK,,64,True
Homem Aranha.pdf,OK,,94,True
Homem com H.pdf,OK,,42,True
Hotel California.pdf,OK,,61,True
How Deep Is Your Love.pdf,OK,,112,False
How You Remind Me.pdf,OK,,89,True
I Don_t Want To Miss A Thing.pdf,OK,,54,True
I Just Called To Say I Love You.pdf,OK,,31,False
I Want It That Way.pdf,OK,,120,False
I Want To Break Free.pdf,OK,,22,False
I Won't Give Up.pdf,OK,,83,False
I'm Yours.pdf,OK,,69,False
Imagine.pdf,OK,,96,False
Iris.pdf,OK,,18,True
Isn't She Lovely.pdf,OK,,88,False
Jackie Tequila.pdf,SEM_ACORDES,,0,False
João de Barro.pdf,OK,,68,False
Just The Way You Are.pdf,OK,,30,False
Just the two of us.pdf,OK,,162,True
La Belle De Jour.pdf,OK,,63,False
Lanterna Dos Afogados.pdf,OK,,37,True
Layla.pdf,OK,,47,False
Lenha.pdf,OK,,20,True
Let it be.pdf,OK,,14,True
Like a Stone.pdf,OK,,121,False
Linda Demais.pdf,OK,,78,True
Livin'on A Prayer.pdf,OK,,86,True
Logo Eu.pdf,OK,,51,True
Love of My Life.pdf,OK,,71,False
Luz Dos Olhos.pdf,OK,,119,True
Marvin.pdf,OK,,62,False
Mas Que Nada.pdf,OK,,110,False
Me Lambe.pdf,OK,,107,False
Me Namora.pdf,OK,,63,False
Menina Veneno.pdf,OK,,152,False
Metamorfose Ambulante.pdf,OK,,87,False
Meu Erro.pdf,OK,,69,True
Meu Ébano.pdf,OK,,38,True
Mil Razões.pdf,OK,,91,False
Mina do Condomínio.pdf,OK,,55,False
Mineirinho.pdf,OK,,15,True
Minha Alma.pdf,OK,,114,False
Monalisa.pdf,OK,,187,False
More Than Words.pdf,OK,,98,False
Morena Tropicana.pdf,OK,,47,False
Morena.pdf,OK,,59,False
Mulher de Fases.pdf,OK,,57,False
Mulheres.pdf,OK,,103,False
Mundo Animal.pdf,OK,,73,True
My Girl.pdf,OK,,47,False
Naquela Mesa.pdf,OK,,55,True
Natiruts Reggae Power.pdf,OK,,103,False
Nem Um Dia.pdf,OK,,45,False
Neon.pdf,SEM_ACORDES,,0,False
Nosso Xote.pdf,OK,,59,False
Nothing But a Song.pdf,OK,,95,False
Nova York.pdf,OK,,39,True
Não Deixe o Samba Morrer.pdf,OK,,15,True
Não Quero Dinheiro.pdf,OK,,65,False
O Descobridor Dos Sete Mares.pdf,OK,,100,False
O Destino Não Quis.pdf,OK,,39,True
O Girassol.pdf,OK,,116,False
O Leãozinho.pdf,OK,,82,False
O Mundo É Tão Pequeno.pdf,OK,,54,True
O Mundo É Um Moinho.pdf,OK,,40,False
O Portão.pdf,OK,,122,False
O Que É Que Tem.pdf,OK,,93,True
O Sol JQ.pdf,OK,,56,False
O Sol VK.pdf,OK,,89,False
O Último Romântico.pdf,OK,,139,False
Oceano.pdf,OK,,23,True
Oh! Chuva.pdf,OK,,158,False
Oi.pdf,OK,,53,False
Onde Anda Você.pdf,OK,,63,False
Onde você Mora.pdf,OK,,36,True
Out-door.pdf,OK,,43,True
Outra Vida.pdf,OK,,55,False
Outro Lugar.pdf,OK,,11,False
Paciência.pdf,OK,,53,True
Pais e Filhos.pdf,OK,,121,False
Papel Marchê.pdf,OK,,62,True
Papo Reto.pdf,OK,,136,False
Partilhar.pdf,OK,,126,False
Pelados Em Santos.pdf,OK,,30,True
Perfect.pdf,OK,,101,False
Pescador de Ilusões.pdf,OK,,58,False
Photograph.pdf,OK,,60,False
Piloto Automático.pdf,OK,,60,False
Pode Chorar.pdf,OK,,83,False
Por Onde Andei.pdf,OK,,14,False
Por Um Minuto.pdf,OK,,168,False
Por Você.pdf,OK,,67,True
Pra Você Dar o Nome.pdf,SEM_ACORDES,,0,False
Preciso me encontrar.pdf,OK,,39,False
Primavera.pdf,OK,,23,False
Primeiros Erros.pdf,OK,,92,False
Proposta.pdf,OK,,33,False
Psycho Killer.pdf,OK,,60,False
Pupila.pdf,OK,,70,False
Página de Amigos.pdf,OK,,48,False
Pássaro de Fogo.pdf,OK,,86,False
Quando Bate Aquela Saudade.pdf,OK,,103,False
Quando Você Passa (Turu Turu).pdf,OK,,80,False
Quando o Sol Se For.pdf,OK,,56,False
Quase Sem Querer.pdf,OK,,102,False
Que Nem Maré.pdf,OK,,78,False
Que País É Este_.pdf,OK,,64,True
Quem Não Quer Sou Eu.pdf,OK,,192,False
Quem Sabe Isso Quer Dizer Amor.pdf,OK,,81,False
Quer Casar Comigo.pdf,OK,,37,False
Querendo Te Amar.pdf,OK,,76,True
Quero te encontrar.pdf,OK,,33,False
Razões e Emoções.pdf,OK,,59,True
Recado à minha amada.pdf,OK,,57,True
Resposta.pdf,OK,,87,False
Rindo À Toa.pdf,OK,,116,False
Saideira.pdf,OK,,221,False
Sampa.pdf,SEM_ACORDES,,0,False
Samurai.pdf,OK,,22,True
Sandra Rosa Madalena.pdf,OK,,65,True
Saudade da Minha Terra.pdf,OK,,65,False
Se.pdf,OK,,69,True
Segredos.pdf,OK,,14,True
Seja Para Mim.pdf,OK,,35,True
Sempre Assim.pdf,OK,,5,False
Será.pdf,OK,,70,False
Seu astral.pdf,OK,,41,True
Shape Of You.pdf,OK,,169,False
She Will Be Loved.pdf,OK,,83,False
Sina.pdf,OK,,26,True
Sinônimos.pdf,OK,,142,False
"Sitting, Waiting, Wishing.pdf",OK,,138,False
Slow Dancing In A Burning Room.pdf,OK,,73,False
So Sick.pdf,OK,,114,True
"Sorri, Sou Rei.pdf",OK,,91,False
Sorte.pdf,OK,,26,True
Sozinho.pdf,OK,,81,False
Stand By Me.pdf,OK,,26,False
Sunday Morning.pdf,OK,,30,False
Suspicious Minds.pdf,OK,,192,False
Sutilmente.pdf,OK,,40,True
Sweet Dreams.pdf,OK,,24,True
Só Hoje.pdf,OK,,59,False
Só Os Loucos Sabem.pdf,OK,,72,False
Take On Me.pdf,OK,,83,True
Talking To The Moon.pdf,OK,,84,False
Tangerina.pdf,OK,,58,False
Te Ver.pdf,OK,,64,False
Tears in Heaven.pdf,OK,,93,False
Telefone Mudo.pdf,OK,,29,False
Telegrama.pdf,OK,,59,True
Tempo Perdido.pdf,OK,,72,True
Tempos Modernos.pdf,OK,,112,True
Tentei Te Esquecer.pdf,OK,,57,False
The Way You Make Me Feel.pdf,OK,,93,False
Thinking Out Loud.pdf,OK,,167,False
This Love.pdf,OK,,13,False
Three Little Birds.pdf,OK,,45,False
Tive Razão.pdf,OK,,41,True
Tocando Em Frente.pdf,OK,,65,False
Toda Forma de Amor.pdf,OK,,21,True
Trem das onze.pdf,OK,,25,True
Tua Boca.pdf,OK,,69,True
Tua Caramassa.pdf,OK,,142,False
Um Anjo do Céu.pdf,OK,,27,True
Um Minuto Para o Fim do Mundo.pdf,OK,,78,False
Upside Down.pdf,OK,,53,True
Vagabundo Confesso.pdf,OK,,42,False
Vai Dar Namoro.pdf,OK,,73,True
Vamos Fugir.pdf,OK,,73,False
Velha Infância.pdf,OK,,60,False
Vem quente que eu estou fervendo.pdf,OK,,53,True
Verdade.pdf,OK,,9,True
Versace On The Floor.pdf,OK,,77,True
Vida Vazia.pdf,OK,,121,True
Vira-Vira.pdf,OK,,68,True
Você Virou Saudade.pdf,OK,,22,False
Você me vira a cabeça.pdf,OK,,67,True
Você É Linda.pdf,OK,,107,False
Vou Deixar.pdf,OK,,110,False
Vá Pro Inferno - Galopeira.pdf,OK,,70,False
Várias Queixas.pdf,OK,,39,False
Wake Me Up When September Ends.pdf,OK,,38,True
Whisky A Go Go.pdf,OK,,28,True
Wish You Were Here.pdf,OK,,25,True
Wonderwall.pdf,OK,,141,False
Xote Das Meninas.pdf,OK,,72,False
Xote Dos Milagres.pdf,OK,,124,False
Xote da Alegria.pdf,OK,,123,False
Yellow.pdf,OK,,59,False
Zóio de Lula.pdf,OK,,108,False
À Sua Maneira.pdf,OK,,195,False
É Preciso Saber Viver.pdf,OK,,100,False
É Tarde Demais.pdf,OK,,60,False
Estranho.pdf,OK,,59,False
Eu Sei De Cor.pdf,OK,,58,False
Feeling Good.pdf,OK,,101,False
Infiel.pdf,OK,,65,False
Leave The Door Open.pdf,OK,,99,False
Leão.pdf,OK,,93,False
Like I'm Gonna Lose You.pdf,OK,,136,False
Locked Out Of Heaven.pdf,OK,,124,False
Love In The Dark.pdf,OK,,136,False
Love Love.pdf,OK,,99,False
Mamma Mia.pdf,OK,,127,False
New Light.pdf,OK,,132,False
O Que Falta Em Você Sou Eu.pdf,OK,,66,False
Rolling In The Deep.pdf,OK,,99,False
Set Fire To The Rain.pdf,OK,,70,False
Someone Like You.pdf,OK,,129,False
Todo Mundo Vai Sofrer.pdf,OK,,69,False
Try.pdf,OK,,70,False
What More Can I Say.pdf,SEM_ACORDES,,0,False
When I Was Your Man.pdf,OK,,99,False
XO.pdf,OK,,78,False
You And I.pdf,OK,,133,False
Arêrê.pdf,OK,,160,False
Bola de Sabão.pdf,OK,,110,False
Crazy in Love.pdf,OK,,90,False
Escrito Nas Estrelas.pdf,OK,,106,False
I Will Survive.pdf,OK,,121,False
I'm With You.pdf,OK,,117,False
Man! I Feel Like a Woman!.pdf,OK,,63,False
Menina Solta.pdf,OK,,58,False
Não Precisa Mudar.pdf,OK,,164,False
Quando a Chuva Passar.pdf,OK,,115,False
Se Eu Não Te Amasse Tanto Assim.pdf,OK,,94,False
Total Eclipse of the Heart.pdf,OK,,59,False
You're Still The One.pdf,OK,,130,False
